ID,Title,Link,Source
2025-04-08-wweek-shave-millions,PPS to Shave $33 Million to $67 Million From Three Upcoming High School Modernizations,https://www.wweek.com/news/schools/2025/04/08/pps-will-shave-between-33-and-67-million-from-three-upcoming-high-school-modernizations/,Willamette Week
2025-04-08-board-regular-meeting-video,School Board Regular Meeting: Draft Modernization Video,https://www.youtube.com/watch?v=R8Yy5sOGBQQ&t=7980s,
2025-04-08-board-regular-meeting-presentation,School Board Regular Meeting: Draft Modernization Presentation,Download,PPS
2025-03-31-listening,Listening Session,https://www.pps.net/cms/lib/OR01913224/Centricity/Domain/62/FINAL%20JHS%20Listening%20Session%20Comms%203-31-25.pdf,PPS
2025-03-19-wweek-too-many,Too Many High Schools,https://www.wweek.com/news/schools/2025/03/19/too-many-high-schools/,Willamette Week
2025-03-18-oregonlive-pared-back,Plans Emerge for Pared-Back High School in Portland,https://www.oregonlive.com/education/2025/03/plans-emerge-for-pared-back-high-schools-in-portland.html,Oregon Live
2025-03-18-board-special-meeting-video,School Board Special Meeting: Modernization Projects Video,https://www.youtube.com/watch?v=XENAU3DUf5g&t=2700s,PPS
2025-03-18-board-special-meeting-presentation,School Board Special Meeting: Modernization Projects Presentation,Download,PPS
2025-03-08-modernization-update,Modernization Project Update,https://www.pps.net/cms/lib/OR01913224/Centricity/Domain/62/Jefferson%20Project%20Update%20March%202024.pdf,PPS
2025-03-05-modernization-update,Modernization Project Update,https://www.pps.net/cms/lib/OR01913224/Centricity/Domain/62/Modernization%20March%20Update%20message.pdf,PPS
2025-03-04-board-regular-meeting-video,School Board Regular Meeting: Expenditure Contract Video,https://www.youtube.com/watch?v=GM0ozDVDOQ4&t=10500s,PPS
2025-02-12-kgw-scale-back,PPS Scales Back Plans for Upgrades to Three High Schools to Save Millions,https://www.kgw.com/article/news/education/portland-public-schools-downsize-renovation-three-high-school-costs/283-5b35e6b6-94e4-49e0-85e3-397a6bf7d160,KGW
2025-02-11-katu-cut-costs,PPS Aims to Cut Down Costs on 3 High Schools' Renovations,https://katu.com/news/local/portland-public-schools-aims-to-cut-down-costs-on-3-high-schools-cleveland-jefferson-ida-b-wells-renovations,KATU
2025-02-11-board-special-meeting-video,School Board Special Meeting: 2025 Bond Video,https://www.youtube.com/watch?v=_dDmpgZcNfI&t=110s,PPS
2025-02-11-board-special-meeting-minutes,School Board Special Meeting: 2025 Bond Minutes,Download,PPS
2025-02-10-oregonlive-build-smaller,"Build High Schools Smaller to Cut Costs, Portland School Board Members Say",https://www.oregonlive.com/education/2025/02/build-high-schools-smaller-to-cut-costs-portland-school-board-members-say.html,Oregon Live
2025-02-08-wweek-readers-respond,Readers Respond to Three Stalled School Projects,https://www.wweek.com/news/dialogue/2025/02/08/readers-respond-to-three-stalled-school-projects/,Willamette Week
2025-02-05-wweek-willing-to-cut,Here's What Each School Board Member is Willing to Cut from Modernization Projects,https://www.wweek.com/news/schools/2025/02/05/heres-what-each-school-board-member-is-willing-to-cut-from-modernization-projects/,Willamette Week
2025-02-04-board-regular-meeting-video,School Board Regular Meeting: Construction Cost Analysis Video,https://www.youtube.com/watch?v=zxaXALjzumk&t=6270s,PPS
2025-02-04-board-regular-meeting-minutes,School Board Regular Meeting: Construction Cost Analysis Minutes,Download,PPS
2025-01-29-wweek-have-stalled,Three Projects Meant to Benefit PPS's Black Community Have Stalled,https://www.wweek.com/news/schools/2025/01/29/three-projects-meant-to-benefit-ppss-black-community-have-stalled/,Willamette Week
2025-01-28-oregonlive-audit-finds,"PPS' Costly Plan to Modernize High Schools Out of Line with Similar Projects in Region, Audit Finds",https://www.oregonlive.com/education/2025/01/portland-public-schools-costly-plan-to-modernize-high-schools-out-of-line-with-similar-projects-in-region-audit-finds.html,Oregon Live
2025-01-22-bond-accountability-committee-video,Bond Accountability Committee: Quarterly Video,https://www.youtube.com/watch?v=1M639LMCbmg&t=5700s,PPS
2025-01-22-bond-accountability-committee-report,Bond Accountability Committee: Quarterly Report,https://www.pps.net/cms/lib/OR01913224/Centricity/Domain/62/BAC%20REPORT%201-22-25_Final.pdf,PPS
2025-01-22-bond-accountability-committee-presentation,Bond Accountability Committee: Quarterly Presentation,https://www.pps.net/cms/lib/OR01913224/Centricity/Domain/62/BAC%20Presentation_2025%20Q1_January%2022%202025.pdf#page37,PPS
2025-01-22-bond-accountability-committee-minutes,Bond Accountability Committee: Quarterly Minutes,https://www.pps.net/cms/lib/OR01913224/Centricity/Domain/62/Bond%20Accountability%20Committee%20BAC%202025%20Q1%20Meeting%20Minutes.pdf,PPS
2025-01-19-oregonlive-off-charts,High School Construction Costs in Portland are Headed off the Charts. Why?,https://www.oregonlive.com/education/2025/01/high-school-construction-costs-in-portland-are-headed-off-the-charts-why.html,Oregon Live
2025-01-09-asumag-may-ballot,Portland (Oregon) District Puts $1.8 Billion Bond Request on May Ballot,https://www.asumag.com/funding/bond-issues/article/55260070/portland-oregon-district-puts-18-billion-bond-request-on-may-ballot,American School & University
2025-01-07-wweek-portland-voters,PPS Board Refers $1.83 Billion Bond to Portland Voters,https://www.wweek.com/news/schools/2025/01/07/pps-school-board-refers-183-billion-bond-to-portland-voters/,Willamette Week
2025-01-07-board-regular-meeting-video,School Board Regular Meeting: Bond Resolution 7038 Video,https://www.youtube.com/watch?v=YLB6Aken-Vo&t=7440s,PPS
2025-01-07-board-regular-meeting-minutes,School Board Regular Meeting: Bond Resolution 7038 Minutes,Download,PPS
2024-12-18-bond-accountability-committee-video,Bond Accountability Committee: Bond Planning Video,https://www.youtube.com/watch?v=x63MmJNkpx8&t=3610s,PPS
2024-12-18-bond-accountability-committee-report,Bond Accountability Committee: Bond Planning Report,https://www.pps.net/cms/lib/OR01913224/Centricity/Domain/62/Report%20to%20The%20Portland%20Public%20Schools%20Board%20of%20Directors%202025%20GO%20Bond%20Measure.pdf,PPS
2024-12-18-bond-accountability-committee-presentation,Bond Accountability Committee: Bond Planning Presentation,Download,PPS
2024-12-17-wweek-falling-behind,Auditor Warns PPS' Center for Black Student Excellence is Falling Behind,https://www.wweek.com/news/schools/2024/12/17/auditor-warns-portland-public-schools-center-for-black-student-excellence-is-falling-behind/,Willamette Week
2024-12-17-board-special-meeting-video,School Board Special Meeting: Bond Referral Language Video,https://www.youtube.com/watch?v=EO772k4-DlY&t=2110s,PPS
2024-12-17-board-special-meeting-presentation,School Board Special Meeting: Bond Referral Language Presentation,Download,PPS
2024-12-17-board-special-meeting-minutes,School Board Special Meeting: Bond Referral Language Minutes,Download,PPS
2024-12-13-bond-accountability-committee-conceptual-bond,Bond Accountability Committee: Conceptual Bond Budgets,https://www.pps.net/cms/lib/OR01913224/Centricity/Domain/62/Exhibit%20A%20-%20Proposed%20GO%20Bond%2012%2013%2024.pdf,PPS
2024-12-09-koin-cost-concerns,PPS Pauses 3 High School Rebuilds over Cost Concerns,https://www.koin.com/news/portland/pps-pauses-3-high-school-rebuilds-over-cost-concerns/,KOIN
2024-12-04-oregonlive-most-expensive,PPS Floats Scaled Back Costs to Build What Could Have Been 'the most expensive high schools in the US',https://www.oregonlive.com/education/2024/12/portland-public-schools-floats-scaled-back-costs-to-build-what-could-have-been-the-most-expensive-high-schools-in-the-united-states.html,Oregon Live
2024-12-04-engagement-pause,Pause on Community Engagement Meetings,https://www.pps.net/cms/lib/OR01913224/Centricity/Domain/62/PPS%20msg%20about%20Bond%20PAuse%2012-4-24.pdf,PPS
2024-12-03-board-regular-meeting-video,School Board Regular Meeting: 2025 Bond Video,https://www.youtube.com/watch?v=3bkoRIhNqFY&t=5920s,PPS
2024-12-03-board-regular-meeting-minutes,School Board Regular Meeting: 2025 Bond Minutes,Download,PPS
2024-12-02-improvement-oversight-committee-video,School Board Facilities Improvement Meeting: 2025 Bond Video,https://www.youtube.com/watch?v=hpR_gcyPy9A&t=1310s,PPS
2024-12-02-improvement-oversight-committee-presentation,School Board Facilities Improvement Meeting: 2025 Bond Presentation,Download,PPS
2024-12-02-improvement-oversight-committee-minutes,School Board Facilities Improvement Meeting: 2025 Bond Minutes,Download,PPS
2024-12-02-historic-landmarks-video,Historic Landmarks Commission: Video,https://www.youtube.com/watch?v=DOH3fxdVXRo,City of Portland
2024-12-02-historic-landmarks-summary,Historic Landmarks Commission: Summary Memo,Download,City of Portland
2024-11-19-board-special-meeting-video,School Board Special Meeting: October Enrollment Update Video,https://www.youtube.com/watch?v=dCKblFansDY&t=5860s,PPS
2024-11-19-board-special-meeting-minutes,School Board Special Meeting: October Enrollment Update Minutes,Download,PPS
2024-11-14-conceptual-walk-through-video,Jefferson Conceptual Walk Through,https://www.youtube.com/watch?v=lcELUPokMSg,PPS
2024-11-06-koin-proposed-bond,Parents Advocate for Overdue School Upgrades with Proposed $1.5 Billion Bond,https://www.koin.com/news/portland/parents-advocate-for-overdue-school-upgrades-with-proposed-1-5-billion-bond/,KOIN
2024-11-06-improvement-oversight-committee-video,School Board Facilities Improvement Meeting: Physical Facility Video,https://www.youtube.com/watch?v=zlhaDeY6ASo&t=2255s,PPS
2024-11-06-improvement-oversight-committee-minutes,School Board Facilities Improvement Meeting: Physical Facility Minutes,Download,PPS
2024-10-30-community-design-presentation,Community Design Workshop #4: Presentation,https://www.pps.net/cms/lib/OR01913224/Centricity/Domain/62/CDW%204_All%20Boards%20Compressed.pdf,PPS
2024-10-23-bond-accountability-committee-video,Bond Accountability Committee: Video,https://www.youtube.com/watch?v=zfx73U8RBD8&t=480s,PPS
2024-10-23-bond-accountability-committee-presentation,Bond Accountability Committee: Presentation,https://www.pps.net/cms/lib/OR01913224/Centricity/Domain/62/BAC%20Presentation_Q4%202024_FINAL.pdf#page8,PPS
2024-10-21-koin-await-renovation,We just want the same': 3 PPS Schools Await Renovation,https://www.koin.com/news/education/we-just-want-the-same-3-pps-schools-await-renovation/,KOIN
2024-10-21-improvement-oversight-committee-presentation,School Board Facilities Improvement Meeting: Presentation,Download,PPS
2024-10-21-improvement-oversight-committee-minutes,School Board Facilities Improvement Meeting: Minutes,Download,PPS
2024-10-21-board-facilities-improvement-video,School Board Facilities Improvement Meeting: Video,https://www.youtube.com/watch?v=4nKXb1MRx44&t=60s,PPS
2024-10-08-board-regular-meeting-video,School Board Regular Meeting: 2025 Bond Discussion Video,https://www.youtube.com/watch?v=TudVWTsHAWI&t=7950s,PPS
2024-10-08-board-regular-meeting-minutes,School Board Regular Meeting: 2025 Bond Discussion Minutes,Download,PPS
2024-09-30-modernization-update,Modernization Project Update,https://www.pps.net/cms/lib/OR01913224/Centricity/Domain/62/Jeff%20Community%20Update%20Sept%202024%20FINAL.pdf,PPS
2024-09-11-finance-commerce-century-old-building,Massive High School to Replace Century-Old Building in Portland,https://finance-commerce.com/2024/09/massive-high-school-to-replace-century-old-building-in-portland/,Finance & Commerce
2024-09-09-historic-landmarks-video,Historic Landmarks Commission: Video,https://www.youtube.com/watch?v=UnPeTTMre5k,City of Portland
2024-09-09-historic-landmarks-summary,Historic Landmarks Commission: Summary Memo,Download,City of Portland
2024-08-14-community-design-summary,Community Design Workshop #2: Summary,https://www.pps.net/cms/lib/OR01913224/Centricity/Domain/62/JHS%20CDW%202%20-%20Summary%20Document.pdf,PPS
2024-08-14-community-design-presentation,Community Design Workshop #2: Presentation,https://www.pps.net/cms/lib/OR01913224/Centricity/Domain/62/24-0814_JHS%20CDW%202%20All%20Boards.pdf,PPS
2024-08-06-board-regular-meeting-video,School Board Regular Meeting: Next Steps Board Meeting Topics Video,https://www.youtube.com/watch?v=W47SpqEKavs&t=10070s,PPS
2024-08-06-board-regular-meeting-minutes,School Board Regular Meeting: Next Steps Board Meeting Topics Minutes,Download,PPS
2024-07-24-bond-accountability-committee-video,Bond Accountability Committee: Video,https://www.youtube.com/watch/4HXGGoMUBu4?t=4065s,PPS
2024-07-24-bond-accountability-committee-presentation,Bond Accountability Committee: Presentation,https://www.pps.net/cms/lib/OR01913224/Centricity/Domain/62/BAC%20Meeting%20Presentation_FINAL_2024.07.24.pdf#page40,PPS
2024-07-17-community-design-summary,Community Design Workshop #1: Summary,https://www.pps.net/cms/lib/OR01913224/Centricity/Domain/62/JHS%20CDW%201%20-%20Summary%20Document%207-17-24%20.pdf,PPS
2024-07-17-community-design-presentation,Community Design Workshop #1: Presentation,https://www.pps.net/cms/lib/OR01913224/Centricity/Domain/62/JHS_CDW%201_All%20Boards_07-17-24.pdf,PPS
2024-06-29-oregonlive-wish-list,PPS' Construction Bond Wish List Nears $3 Billion,https://www.oregonlive.com/education/2024/06/portland-public-schools-construction-bond-wish-list-nears-3-billion.html,Oregon Live
2024-06-25-board-work-session-video,School Board Work Session: Discussion Bond Video,https://www.youtube.com/watch?v=qrM7i7ZywMc&t=5480s,PPS
2024-06-25-board-work-session,School Board Work Session: Bond Timing Minutes,Download,PPS
2024-06-21-modernization-update,Modernization Project Update,https://www.pps.net/cms/lib/OR01913224/Centricity/Domain/62/Jefferson%20Mod%20Project%20Update%20June%202024%20FINAL.pdf,PPS
2024-06-11-tax-supervising-minutes,School Board Tax Supervising Meeting: Minutes,https://www.tsccmultco.com/wp-content/uploads/PPS-FY-25-Budget-Hearing-Minutes.pdf#page8,Multnomah County
2024-06-11-board-tax-supervising-video,School Board Tax Supervising Meeting: Video,https://www.youtube.com/watch?v=fesP_dzXgns&t=3526s,Multnomah County
2024-05-29-bond-accountability-committee-video,Bond Accountability Committee: Video,https://www.youtube.com/watch?v=D3jZh41p_NM&t=780s,PPS
2024-05-06-modernization-update,Modernization Project Update,https://www.pps.net/cms/lib/OR01913224/Centricity/Domain/62/Jefferson%20Comms%20Update%20MAY_FINAL_2024-05-6.pdf,PPS
2024-04-24-community-update,Community Update,https://www.pps.net/cms/lib/OR01913224/Centricity/Domain/62/2024-04-25_Community%20Meeting%20Update_FINAL.pdf,PPS
2024-04-24-community-engagement,Community Engagement Plan,https://www.pps.net/cms/lib/OR01913224/Centricity/Domain/62/JHS%20Community%20Engagement%20-%20revised.pdf,PPS
2024-04-17-board-facilities-and-operations-video,School Board Facilities and Operations Meeting: Video,https://www.youtube.com/watch?v=p9oxpyGrwEg&t=540s,PPS
2024-04-12-kgw-high-cost,PPS Plans Rebuild Jefferson High Cost,https://www.kgw.com/article/news/education/portland-public-schools-plans-rebuild-jefferson-high-cost/283-7f7b6613-e45c-451f-81c5-3fa539dde7d2,KGW
2024-04-09-opb-costs-increase,Portland Jefferson High School Rebuild Costs Increase,https://www.opb.org/article/2024/04/09/portland-jefferson-high-school-rebuild-costs-increase/,OPB
2024-04-02-board-regular-meeting-video,School Board Regular Meeting: Video,https://www.youtube.com/watch?v=5jXrUYzr5-8&t=5520s,PPS
2024-03-11-visitahc-everything-new,Everything Will Be New at Jefferson High,https://visitahc.org/blog/everything-will-be-new-at-jefferson-high,Architectural Heritage Center
2024-02-28-board-facilities-and-operations-video,School Board Facilities and Operations Meeting: Video,https://www.youtube.com/watch?v=5yfPx3KN8Gs&t=3840s,PPS
2024-02-26-historic-landmarks-video,Historic Landmarks Commission: Video,https://www.youtube.com/watch?v=rWhsMrJ9Z2M,City of Portland
2024-02-20-board-special-meeting-video,School Board Special Meeting: Video,https://www.youtube.com/watch?v=vlO5r9wxzfk&t=1560s,PPS
2024-02-15-modernization-update,Modernization Project Update,https://www.pps.net/cms/lib/OR01913224/Centricity/Domain/62/Jefferson%20HS%20Mod_%20Project%20Update%20_%20Feb%202024%20FINAL.pdf,PPS
2024-01-24-board-facilities-and-operations-video,School Board Facilities and Operations Meeting: Video,https://www.youtube.com/watch?v=_RwvwollElI&t=3540s,PPS
2024-01-23-board-special-meeting-video,School Board Special Meeting: Jefferson Modernization Update Video,https://www.youtube.com/watch?v=HyRMM81cm6o&t=4140s,PPS
2024-01-17-modernization-update,Modernization Project Update,https://www.pps.net/cms/lib/OR01913224/Centricity/Domain/62/Jefferson%20Project%202024%20update%20FINAL%201_1-17-24.pdf,PPS
2023-12-31-modernization-update,Modernization Project Update,https://www.pps.net/cms/lib/OR01913224/Centricity/Domain/62/Jefferson%20Modernization%20Project%20Update%20Dec%202023%20WEB%20FINAL.pdf,PPS
2023-12-12-board-regular-meeting-video,School Board Regular Meeting: Reassessment of the Modernization Design of Jefferson Video,https://www.youtube.com/watch?v=5-QHJh3fgZI&t=3960s,PPS
2023-11-29-bond-accountability-committee-video,Bond Accountability Committee: Video,https://www.youtube.com/watch?v=cvCpyG0t4Zg&t=2880s,PPS
2023-11-28-board-special-meeting-video,School Board Special Meeting: Video,https://www.youtube.com/watch?v=GyRSVJekvxA&t=900s,PPS
2023-11-20-historic-landmarks-video,Historic Landmarks Commission: Video,https://www.youtube.com/watch?v=JIRD6YRoOP8,City of Portland
2023-11-07-opb-avoid-relocation,PPS Signals Willingness to Let Jefferson High Students Avoid Relocation During School Reconstruction,https://www.opb.org/article/2023/11/07/northeast-portland-high-school-oregon-jefferson-relocate-renovate-education-albina/,OPB
2023-10-10-board-regular-meeting-video,School Board Regular Meeting: Video,https://www.youtube.com/watch?v=GXMxjrOH8AY&t=1020s,PPS
2023-09-20-board-facilities-and-operations-video,School Board Facilities and Operations Meeting: Video,https://www.youtube.com/watch?v=v16C-mWJDVI&t=25s,PPS
2023-09-08-opb-pushes-back,Jefferson High School Community Pushes Back Against Portland Public's Plan to Relocate,https://www.opb.org/article/2023/09/08/jefferson-high-school-portland-public-school-schools-renovation/,OPB
2023-09-06-wweek-low-enrollment,Is a Contentious Remodel a Chance to Boost Jefferson High School's Low Enrollment?,https://www.wweek.com/news/2023/09/06/is-a-contentious-remodel-a-chance-to-boost-jefferson-high-schools-low-enrollment/,Willamette Week
2023-09-05-board-regular-meeting-video,School Board Regular Meeting: Video,https://www.youtube.com/watch?v=1vaub-OTYFQ&t=6840s,PPS
2023-09-02-wweek-will-travel,"A College Can't be Used as a School, So Jefferson High Students Will Travel 11 Miles",https://www.wweek.com/news/schools/2023/09/02/a-college-cant-be-used-as-a-school-so-jefferson-high-students-will-travel-11-miles/,Willamette Week
2023-08-25-opb-meets-opposition,Plans to Relocate Jefferson High School Students Meets Opposition from Parents,https://www.opb.org/article/2023/08/25/jefferson-high-school-modernization-plan-students/,OPB
2023-08-23-modernization-update-video,Modernization Project Update Meeting: Video,https://www.youtube.com/watch?v=E3sKvvC4iwQ&t=420s,PPS
2023-06-13-tax-supervising-and-conservation-minutes,Tax Supervising and Conservation Commission: Minutes,https://www.tsccmultco.com/wp-content/uploads/PPS-FY-24-Budget-Hearing-Minutes.pdf,Multnomah County
2023-06-03-tax-supervising-and-conservation-video,Tax Supervising and Conservation Commission: Video,https://www.youtube.com/watch?v=RAP5IaOA7EA&t=3805s,Multnomah County
2023-05-22-historic-landmarks-video,Historic Landmarks Commission: Video,https://www.youtube.com/watch?v=kvA5pTp9CHo,City of Portland
2023-05-01-open-house-video,Jefferson Design Open House,https://www.youtube.com/watch?v=L767aI5Kp_o,PPS
2023-05-01-design-advisory-group-minutes,Design Advisory Group: Minutes,https://www.pps.net/cms/lib/OR01913224/Centricity/Domain/62/DAG%203%20Meeting%20Notes%202023-05-01.pdf,PPS
2023-03-23-design-advisory-group-minutes,Design Advisory Group: Minutes,https://www.pps.net/cms/lib/OR01913224/Centricity/Domain/62/2023-03-23%20JHS%20DAG2%20Meeting%20Record.pdf,PPS
2023-02-08-design-advisory-group-presentation,Design Advisory Group: Presentation,https://www.pps.net/cms/lib/OR01913224/Centricity/Domain/62/2023-02-08%20DAG1%20Board_Combined.pdf,PPS
2023-02-08-design-advisory-group-comments,Design Advisory Group: Comments,https://www.pps.net/cms/lib/OR01913224/Centricity/Domain/62/2023-02-08%20DAG1%20Board_Combined_Comments.pdf,PPS
2022-12-15-opb-approves-plan,PPS Board Approves Plan to Renovate Jefferson High School,https://www.opb.org/article/2022/12/15/portland-public-schools-jefferson-high-school-oregon-renovation/,OPB
2022-12-01-comprehensive-plan,Comprehensive Plan,https://www.pps.net/cms/lib/OR01913224/Centricity/Domain/62/Jefferson%20HS%20Comprehensive%20Plan%20Report%2012-13-22.pdf,PPS
2022-11-17-design-advisory-group-charter,Design Advisory Group: Charter,https://www.pps.net/cms/lib/OR01913224/Centricity/Domain/62/Jefferson%20HS%20DAG%20Charter%20FINAL%2011-17-22.pdf,PPS
2022-11-16-open-house-place,Open House: Place Posters,https://www.pps.net/cms/lib/OR01913224/Centricity/Domain/62/2022-11-16%20JHS%20Open%20House%20%20Boards_PLACE.pdf,PPS
2022-11-16-open-house-lever,Open House: Lever Posters,https://www.pps.net/cms/lib/OR01913224/Centricity/Domain/62/2022-11-16%20JHS%20Open%20House%20Boards_Lever.pdf,PPS
2022-11-16-open-house-colloqate,Open House: Colloqate Posters,https://www.pps.net/cms/lib/OR01913224/Centricity/Domain/62/2022-11-16%20JHS%20Open%20House%20Boards_Colloqate.pdf,PPS
2022-11-16-open-house-bora,Open House: Bora Posters,https://www.pps.net/cms/lib/OR01913224/Centricity/Domain/62/2022-11-16%20JHS%20Open%20House%20Boards_Bora.pdf,PPS
2022-11-14-historic-landmarks-video,Historic Landmarks Commission: Video,https://www.youtube.com/watch?v=3djVArVL6fM,City of Portland
2022-11-03-opb-taking-shape,Modernization Plan for Portland's Jefferson High Taking Shape,https://www.opb.org/article/2022/11/03/oregon-education-schools-jefferson-high-north-portland-upgrade-rennovations-modernize/,OPB
2022-11-02-town-hall-presentation,Town Hall Meeting: Presentation,https://www.pps.net/cms/lib/OR01913224/Centricity/Domain/62/JHS%20Town%20Hall%20Meeting%2011.02.2022%20FINAL.pdf,PPS
2022-11-02-planning-committee-video,Comprehensive Planning Committee Meeting #6: Video,https://www.youtube.com/watch?v=kRIjlMnddXQ,PPS
2022-11-02-planning-committee-presentation,Comprehensive Planning Committee Meeting #6: Presentation,https://www.pps.net/cms/lib/OR01913224/Centricity/Domain/62/2022-11-02%20%20CPC%20Meeting%206_FINAL.pdf,PPS
2022-10-13-planning-committee-video,Comprehensive Planning Committee Meeting #5: Video,https://www.youtube.com/watch?v=bvFlBrJSjKc,PPS
2022-10-12-town-hall-q-and-a,Town Hall Meeting: Q and A,https://www.pps.net/cms/lib/OR01913224/Centricity/Domain/62/Q%20and%20A%20at%20Town%20Hall_5%2010-12-22.pdf,PPS
2022-10-12-planning-committee-presentation,Comprehensive Planning Committee Meeting #5: Presentation,https://www.pps.net/cms/lib/OR01913224/Centricity/Domain/62/2022-10-12%20CPC%20Meeting%205_FINAL.pdf,PPS
2022-10-05-bond-accountability-committee-video,Bond Accountability Committee: Video,https://www.youtube.com/watch?v=J-eJx5qfU7Y&t=2220s,PPS
2022-09-21-planning-committee-video,Comprehensive Planning Committee Meeting #4: Video,https://www.youtube.com/watch?v=Iyo-lvu4Dek,PPS
2022-09-21-planning-committee-presentation,Comprehensive Planning Committee Meeting #4: Presentation,https://www.pps.net/cms/lib/OR01913224/Centricity/Domain/62/2022-09-21%20CPC%20Meeting%204_PREVIEW.pdf,PPS
2022-09-21-planning-committee-minutes,Comprehensive Planning Committee Meeting #4: Minutes,https://www.pps.net/cms/lib/OR01913224/Centricity/Domain/62/2022-09-21%20CPC-4%20Meeting%20Minutes.pdf,PPS
2022-09-21-planning-committee-engagement,Comprehensive Planning Committee: Engagement,https://www.pps.net/cms/lib/OR01913224/Centricity/Domain/62/CQ_Engagement%20Slides_092122.pdf,PPS
2022-09-14-planning-committee-minutes,Comprehensive Planning Committee: Climate Response Minutes,https://www.pps.net/cms/lib/OR01913224/Centricity/Domain/62/2022-09-14%20Climate%20Response%20Charrette%20Minutes.pdf,PPS
2022-09-14-planning-committee-climate-response-presentation,Comprehensive Planning Committee: Climate Response Presentation,https://www.pps.net/cms/lib/OR01913224/Centricity/Domain/62/Climate%20Response%20Charrette%20presentation%209-14-22.pdf,PPS
2022-09-07-planning-committee-video,Comprehensive Planning Committee Meeting #3: Video,https://www.youtube.com/watch?v=M2oTiR3G4bY,PPS
2022-09-07-planning-committee-presentation,Comprehensive Planning Committee Meeting #3: Presentation,https://www.pps.net/cms/lib/OR01913224/Centricity/Domain/62/2022-08-24%20CPC%20Meeting%203_FINAL.pdf,PPS
2022-09-07-planning-committee-minutes,Comprehensive Planning Committee Meeting #3.2: Minutes,https://www.pps.net/cms/lib/OR01913224/Centricity/Domain/62/2022-09-07%20CPC-3.2%20Meeting%20Minutes.pdf,PPS
2022-08-24-townhall-video,Jefferson High Town Hall: Video,https://www.youtube.com/watch?v=MpMsWE_kl6w,PPS
2022-08-24-planning-committee-presentation,Comprehensive Planning Committee Meeting #3.1: Presentation,https://www.pps.net/cms/lib/OR01913224/Centricity/Domain/62/2022-08-24%20CPC%20Meeting%203_FINAL.pdf,PPS
2022-08-24-planning-committee-minutes,Comprehensive Planning Committee Meeting #3: Minutes,https://www.pps.net/cms/lib/OR01913224/Centricity/Domain/62/2022-08-24%20CPC-3.1%20Meeting%20Minutes.pdf,PPS
2022-08-24-planning-committee-build-scenarios-presentation,Comprehensive Planning Committee Meeting #3.1: Build Scenarios Presentation,https://www.pps.net/cms/lib/OR01913224/Centricity/Domain/62/CPC%203_Group%20Boards_Updated_PRINT.pdf,PPS
2022-08-24-kptv-townhall-press,PPS Hosts Town Hall They Plan Modernize Rename Jefferson HS,https://www.kptv.com/2022/08/25/portland-public-schools-hosts-town-hall-they-plan-modernize-rename-jefferson-hs/,PPS
2022-08-11-bond-accountability-committee-video,Bond Accountability Committee: Video,https://www.youtube.com/watch?v=PDCko_-1BJw&t=900s,PPS
2022-06-15-townhall-presentation,Jefferson High Town Hall: Presentation,https://www.pps.net/cms/lib/OR01913224/Centricity/Domain/62/Town%20Hall%20CPC%202%20Presentation.pdf,PPS
2022-06-15-planning-committee-presentation,Comprehensive Planning Committee Meeting #2: Presentation,https://www.pps.net/cms/lib/OR01913224/Centricity/Domain/62/CPC%20Meeting%202_Presentation%202022-06-15.pdf,PPS
2022-06-15-planning-committee-minutes,Comprehensive Planning Committee Meeting #2: Minutes,https://www.pps.net/cms/lib/OR01913224/Centricity/Domain/62/CPC-2%20Meeting%20Minutes%206-15-22.pdf,PPS
2022-06-14-planning-committee-schedule,Comprehensive Planning Committee: Schedule,https://www.pps.net/cms/lib/OR01913224/Centricity/Domain/62/JHS%20CPC%20Schedule%206-14-22.pdf,PPS
2022-06-06-planning-committee-code-of-conduct,Comprehensive Planning Committee: Code of Conduct,https://www.pps.net/cms/lib/OR01913224/Centricity/Domain/62/JHS%20CPC%20Code%20of%20Conduct.pdf,PPS
2022-06-06-planning-committee-charter,Comprehensive Planning Committee: Charter,https://www.pps.net/cms/lib/OR01913224/Centricity/Domain/62/JHS%20CPC%20Charter%206-6-22.pdf,PPS
2022-06-01-planning-committee-presentation,Comprehensive Planning Committee Meeting #1: Presentation,https://www.pps.net/cms/lib/OR01913224/Centricity/Domain/62/2022-06-01%20JHS%20CPC1%20Presentation.pdf,PPS
2022-06-01-planning-committee-minutes,Comprehensive Planning Committee Meeting #1: Minutes,https://www.pps.net/cms/lib/OR01913224/Centricity/Domain/62/2022-06-01%20CPC-1%20Meeting%20Notes.pdf,PPS
2022-06-01-planning-committee-design-justice-presentation,Comprehensive Planning Committee: Design Justice Presentation,https://www.pps.net/cms/lib/OR01913224/Centricity/Domain/62/JHS%20CPC-1%20Design%20Justice.pdf,PPS
2022-05-17-townhall-presentation,Jefferson High Town Hall: Presentation,https://www.pps.net/cms/lib/OR01913224/Centricity/Domain/62/2022-05-17%20JHS%20Town%20Hall-2%20Presentation.pdf,PPS
2022-03-29-townhall-video,Jefferson High Town Hall: Video,https://www.youtube.com/watch?v=qk1VLjbLvms&t=5s,PPS
2022-03-29-townhall-q-and-a,Jefferson High Town Hall: Q&A,https://www.pps.net/cms/lib/OR01913224/Centricity/Domain/62/JHS%20town%20hall%20Questions_Answers%203-29-22.pdf,PPS
2022-03-15-planning-committee-selection-criteria,Comprehensive Planning Committee: Selection Criteria,https://www.pps.net/cms/lib/OR01913224/Centricity/Domain/62/JHS_MPC_Selection%20Criteria%20for%20web%203-15-22.pdf,PPS
2020-06-26-portlandtribune-public-rebuild,Public: Rebuild Portland's Jefferson High School,https://www.portlandtribune.com/news/public-rebuild-portlands-jefferson-high-school/article_e8bc8a5c-6622-5305-8082-af0231b2f9f2.html,Portland Tribune
2020-06-04-enr-racial-inequity,"Portland Grows High School Bond to $1 Billion, Addressing Racial Inequity",https://www.enr.com/articles/49510-portland-grows-high-school-bond-to-1-billion-addressing-racial-inequity,ENR West
2020-01-14-conceptual-master-plan,Conceptual Master Plan,https://www.pps.net/cms/lib/OR01913224/Centricity/Domain/219/Jefferson%20Conceptul%20Master%20Plan.pdf,PPS